,income,English,jobSatisfaction,stress
income,1.0,0.5994515069914599,-0.040108270684797616,-0.13791959796123443
English,0.5994515069914599,1.0,-0.3120514087583654,0.07335121996967003
jobSatisfaction,-0.040108270684797616,-0.3120514087583654,1.0,0.16533815745660532
stress,-0.13791959796123443,0.07335121996967003,0.16533815745660532,1.0
